{"cameraMode":{"drawMode":0,"name":"Shaded","section":"Shading Mode"},"sceneLighting":true,"audioPlay":false,"sceneViewState":{"showFog":false,"showMaterialUpdate":false,"showSkybox":true,"showFlares":false,"showImageEffects":false,"showParticleSystems":false},"in2DMode":false,"pivot":{"x":-43.41170120239258,"y":12.56883430480957,"z":-51.255462646484378},"rotation":{"x":0.22405573725700379,"y":-0.025730770081281663,"z":0.005873003974556923,"w":0.974218487739563},"size":1.2247449159622193,"orthographic":false}