{"cameraMode":{"drawMode":0,"name":"Shaded","section":"Shading Mode"},"sceneLighting":false,"audioPlay":false,"sceneViewState":{"showFog":false,"showMaterialUpdate":false,"showSkybox":false,"showFlares":false,"showImageEffects":false,"showParticleSystems":false},"in2DMode":false,"pivot":{"x":-4.117066383361816,"y":1.0,"z":2.2567460536956789},"rotation":{"x":0.24582752585411073,"y":0.013086198829114437,"z":-0.0033149109221994879,"w":0.9692180752754211},"size":1.2358088493347169,"orthographic":false}