{"cameraMode":{"drawMode":0,"name":"Shaded","section":"Shading Mode"},"sceneLighting":false,"audioPlay":false,"sceneViewState":{"showFog":false,"showMaterialUpdate":false,"showSkybox":false,"showFlares":false,"showImageEffects":false,"showParticleSystems":false},"in2DMode":false,"pivot":{"x":-8.785383224487305,"y":1.2518959045410157,"z":1.323408842086792},"rotation":{"x":0.16999970376491548,"y":0.7596272826194763,"z":-0.2195809930562973,"w":0.5880851149559021},"size":1.2358089685440064,"orthographic":false}