{"cameraMode":{"drawMode":0,"name":"Shaded","section":"Shading Mode"},"sceneLighting":false,"audioPlay":false,"sceneViewState":{"showFog":false,"showMaterialUpdate":false,"showSkybox":false,"showFlares":false,"showImageEffects":false,"showParticleSystems":false},"in2DMode":false,"pivot":{"x":0.0,"y":1.3359999656677247,"z":2.747999906539917},"rotation":{"x":-0.26737046241760256,"y":-0.03988451510667801,"z":0.011083939112722874,"w":-0.9627180099487305},"size":0.4330126941204071,"orthographic":false}