{"cameraMode":{"drawMode":0,"name":"Shaded","section":"Shading Mode"},"sceneLighting":false,"audioPlay":false,"sceneViewState":{"showFog":false,"showMaterialUpdate":false,"showSkybox":false,"showFlares":false,"showImageEffects":false,"showParticleSystems":false},"in2DMode":false,"pivot":{"x":3.3555030822753908,"y":1.2985981702804566,"z":1.1637864112854005},"rotation":{"x":0.28473684191703799,"y":0.5607084631919861,"z":-0.21354684233665467,"w":0.7476103901863098},"size":1.493868112564087,"orthographic":false}