{"cameraMode":{"drawMode":0,"name":"Shaded","section":"Shading Mode"},"sceneLighting":false,"audioPlay":false,"sceneViewState":{"showFog":false,"showMaterialUpdate":false,"showSkybox":false,"showFlares":false,"showImageEffects":false,"showParticleSystems":false},"in2DMode":false,"pivot":{"x":2.2060000896453859,"y":1.1793931722640992,"z":0.8904078006744385},"rotation":{"x":-0.09962725639343262,"y":0.6998752355575562,"z":-0.09955749660730362,"w":-0.7002951502799988},"size":0.5894920229911804,"orthographic":false}