{"cameraMode":{"drawMode":0,"name":"Shaded","section":"Shading Mode"},"sceneLighting":false,"audioPlay":false,"sceneViewState":{"showFog":false,"showMaterialUpdate":false,"showSkybox":false,"showFlares":false,"showImageEffects":false,"showParticleSystems":false},"in2DMode":false,"pivot":{"x":0.013509929180145264,"y":1.5,"z":0.13000863790512086},"rotation":{"x":-0.11507140845060349,"y":0.1342652589082718,"z":-0.015693608671426774,"w":-0.9841293692588806},"size":0.8061538338661194,"orthographic":false}